<?xml version="1.0" encoding="UTF-8" standalone="yes"?>
<addon id="repository.G4laxy" name="G4laxyweb" version="0.0.1" provider-name="G4laxy">
	<extension point="xbmc.addon.repository" name="G4laxyweb">
		<dir>
			<info compressed="false">https://raw.githubusercontent.com/noobsandnerds/modules4all/master/zips/addons.xml</info>
			<checksum>https://raw.githubusercontent.com/noobsandnerds/modules4all/master/zips/addons.xml.md5</checksum>
			<datadir zip="true">https://raw.githubusercontent.com/noobsandnerds/modules4all/master/zips/</datadir>
		</dir>
		<info compressed="false">https://raw.githubusercontent.com/g4laxy555/repository.G4laxy/master/zips/addons.xml</info>
		<checksum>https://raw.githubusercontent.com/g4laxy555/repository.G4laxy/master/zips/addons.xml.md5</checksum>
		<datadir zip="true">https://raw.githubusercontent.com/g4laxy555/repository.G4laxy/master/zips/</datadir>
	</extension>
	<extension point="xbmc.addon.metadata">
		<summary lang="en">mixed bunch</summary>
		<description lang="en">mix of channels </description>
		<genre>livetv,news,uk,usa</genre>
	</extension>
</addon>